,Credits,Player Type,Player Name,Team,PlayerID
0,5.0,BAT,Andre Siddharth,CHE,1440190
1,6.5,BOWL,Anshul Kamboj,CHE,1175428
2,7.0,ALL,Ayush Mhatre,CHE,1452455
3,6.0,BAT,Deepak Hooda,CHE,497121
4,6.5,WK,Devon Conway,CHE,379140
5,6.5,BAT,Dewald Brevis,CHE,1070665
6,6.0,BOWL,Gurjapneet Singh,CHE,1269869
7,6.0,ALL,Jamie Overton,CHE,510530
8,5.5,BOWL,Kamlesh Nagarkoti,CHE,1070188
9,8.0,BOWL,Khaleel Ahmed,CHE,942645
10,8.0,BOWL,Matheesha Pathirana,CHE,1194795
11,7.0,WK,MS Dhoni,CHE,28081
12,6.5,BOWL,Mukesh Choudhary,CHE,1125688
13,7.0,BOWL,Nathan Ellis,CHE,826915
14,8.5,BOWL,Noor Ahmad,CHE,1182529
15,6.5,BAT,Rachin Ravindra,CHE,959767
16,5.5,BAT,Rahul Tripathi,CHE,446763
17,5.0,ALL,Ramakrishna Ghosh,CHE,1339053
18,6.5,ALL,Ravichandran Ashwin,CHE,26421
19,8.5,ALL,Ravindra Jadeja,CHE,234675
20,9.0,BAT,Ruturaj Gaikwad,CHE,1060380
21,7.0,ALL,Sam Curran,CHE,662973
22,6.0,BAT,Shaik Rasheed,CHE,1292497
23,8.0,BAT,Shivam Dube,CHE,714451
24,6.0,BOWL,Shreyas Gopal,CHE,344580
25,5.0,WK,Urvil Patel,CHE,1131570
26,5.0,WK,Vansh Bedi,CHE,1413379
27,5.5,BAT,Vijay Shankar,CHE,477021
28,7.5,WK,Abishek Porel,DC,1277545
29,5.5,ALL,Ajay Mandal,DC,1059570
30,7.0,BAT,Ashutosh Sharma,DC,1131978
31,8.0,ALL,Axar Patel,DC,554691
32,6.0,BOWL,Darshan Nalkande,DC,1111917
33,6.5,ALL,Donovan Ferreira,DC,698315
34,6.0,BOWL,Dushmantha Chameera,DC,552152
35,8.0,BAT,Faf du Plessis,DC,44828
36,7.5,BAT,Jake Fraser-McGurk,DC,1168049
37,6.5,BAT,Karun Nair,DC,398439
38,8.5,BOWL,Kuldeep Yadav,DC,559235
39,9.0,WK,Lokesh Rahul,DC,422108
40,5.0,ALL,Madhav Tiwari,DC,1460385
41,5.0,ALL,Manvanth Kumar L,DC,1392186
42,8.5,BOWL,Mitchell Starc,DC,311592
43,6.5,BOWL,Mohit Sharma,DC,537119
44,7.5,BOWL,Mukesh Kumar,DC,926851
45,7.0,BOWL,Mustafizur Rahman,DC,330902
46,6.0,BAT,Sameer Rizvi,DC,1175489
47,6.0,BAT,Sediqullah Atal,DC,1161050
48,6.5,BOWL,T Natarajan,DC,802575
49,5.5,BOWL,Tripurana Vijay,DC,1292527
50,8.0,BAT,Tristan Stubbs,DC,595978
51,7.5,ALL,Vipraj Nigam,DC,1449074
52,6.0,WK,Anuj Rawat,GT,1123073
53,6.5,ALL,Arshad Khan,GT,1244751
54,6.0,ALL,Dasun Shanaka,GT,437316
55,6.5,BOWL,Gerald Coetzee,GT,596010
56,8.0,BAT,Glenn Phillips,GT,823509
57,5.5,BOWL,Gurnoor Brar Singh,GT,1287033
58,7.0,BOWL,Ishant Sharma,GT,236779
59,6.0,BOWL,Jayant Yadav,GT,447587
60,9.0,WK,Jos Buttler,GT,308967
61,7.5,BOWL,Kagiso Rabada,GT,550215
62,6.0,ALL,Karim Janat,GT,793467
63,6.0,BOWL,Kulwant Khejroliya,GT,1083033
64,5.5,WK,Kumar Kushagra,GT,1207295
65,7.0,WK,Kusal Mendis,GT,629074
66,6.0,BAT,Mahipal Lomror,GT,853265
67,5.5,ALL,Manav Suthar,GT,1175426
68,8.5,BOWL,Mohammed Siraj,GT,940973
69,5.5,ALL,Nishant Sindhu,GT,1292506
70,9.0,BOWL,Prasidh Krishna,GT,917159
71,6.0,ALL,Rahul Tewatia,GT,423838
72,8.0,BOWL,Rashid-Khan,GT,793463
73,7.5,BOWL,Ravisrinivasan Sai Kishore,GT,1048739
74,9.0,BAT,Sai Sudharsan,GT,1151288
75,6.5,ALL,Shahrukh Khan,GT,719719
76,7.5,BAT,Sherfane Rutherford,GT,914541
77,9.0,BAT,Shubman Gill,GT,1070173
78,7.0,ALL,Washington Sundar,GT,719715
79,8.5,BAT,Ajinkya Rahane,KKR,277916
80,8.0,ALL,Andre Russell,KKR,276298
81,7.5,BAT,Angkrish Raghuvanshi,KKR,1292495
82,7.0,BOWL,Anrich Nortje,KKR,481979
83,5.5,ALL,Anukul Sudhakar Roy,KKR,1079839
84,5.5,BOWL,Chetan Sakariya,KKR,1131754
85,8.0,BOWL,Harshit Rana,KKR,1312645
86,5.5,WK,Luvnith Sisodia,KKR,1155253
87,6.5,BAT,Manish Pandey,KKR,290630
88,6.0,BOWL,Mayank Markande,KKR,1081442
89,7.0,ALL,Moeen Ali,KKR,8917
90,7.0,WK,Quinton de Kock,KKR,379143
91,6.5,WK,Rahmanullah Gurbaz,KKR,974087
92,6.0,ALL,Ramandeep Singh,KKR,1079470
93,7.0,BAT,Rinku Singh,KKR,723105
94,6.0,BAT,Rovman Powell,KKR,820351
95,6.5,BOWL,Spencer Johnson,KKR,1123718
96,9.0,ALL,Sunil Narine,KKR,230558
97,6.0,BOWL,Umran Malik,KKR,1246528
98,7.5,BOWL,Vaibhav Arora,KKR,1209292
99,8.5,BOWL,Varun Chakravarthy,KKR,1108375
100,6.5,BAT,Venkatesh Iyer,KKR,851403
101,6.5,BAT,Abdul Samad,LSG,1175485
102,9.0,ALL,Aiden Markram,LSG,600498
103,6.5,BOWL,Akash Deep,LSG,1176959
104,5.5,BOWL,Akash Singh,LSG,1175458
105,5.5,ALL,Arshin Kulkarni,LSG,1403153
106,5.5,WK,Aryan Juyal,LSG,1130300
107,7.5,BOWL,Avesh Khan,LSG,694211
108,8.0,BAT,Ayush Badoni,LSG,1151270
109,7.0,BAT,David Miller,LSG,321777
110,7.0,BOWL,Digvesh Singh,LSG,1460529
111,5.5,BAT,Himmat Singh,LSG,805235
112,6.0,BOWL,Manimaran Siddharth,LSG,1151286
113,6.0,BAT,Matthew Breetzke,LSG,595267
114,7.5,BOWL,Mayank Yadav,LSG,1292563
115,9.0,BAT,Mitchell Marsh,LSG,272450
116,7.0,BOWL,Mohsin Khan,LSG,1132005
117,9.0,WK,Nicholas Pooran,LSG,604302
118,6.0,BOWL,Prince Yadav,LSG,1350768
119,5.5,BOWL,Rajvardhan Hangargekar,LSG,1175429
120,7.5,BOWL,Ravi Bishnoi,LSG,1175441
121,6.5,WK,Rishabh Pant,LSG,931581
122,6.5,ALL,Shahbaz Ahmed,LSG,1159711
123,6.0,BOWL,Shamar Joseph,LSG,1356971
124,7.5,BOWL,Shardul Thakur,LSG,475281
125,7.0,BOWL,William O'Rourke,LSG,1163453
126,5.0,ALL,Yuvraj Chaudhary,LSG,1175463
127,5.0,BOWL,Arjun Tendulkar,MI,1148776
128,6.5,BOWL,Ashwani Kumar,MI,1209126
129,6.0,BAT,Bevon Jacobs,MI,1410577
130,6.5,ALL,Corbin Bosch,MI,594322
131,7.5,BOWL,Deepak Chahar,MI,447261
132,9.0,ALL,Hardik Pandya,MI,625371
133,9.0,BOWL,Jasprit Bumrah,MI,625383
134,7.0,BOWL,Karn Sharma,MI,30288
135,5.0,WK,KL Shrijith,MI,778241
136,7.0,ALL,Mitchell Santner,MI,502714
137,6.0,BOWL,Mujeeb-ur-Rahman,MI,974109
138,7.0,ALL,Naman Dhir,MI,1287032
139,5.0,BOWL,Raghu Sharma,MI,1122621
140,5.5,BAT,Raj Angad Bawa,MI,1292502
141,6.0,BOWL,Reece Topley,MI,461632
142,6.0,WK,Robin Minz,MI,1350762
143,8.5,BAT,Rohit Sharma,MI,34102
144,8.5,WK,Ryan Rickelton,MI,605661
145,6.0,ALL,Satyanarayana Raju,MI,1392201
146,9.0,BAT,Suryakumar Yadav,MI,446507
147,8.0,BAT,Tilak Varma,MI,1170265
148,8.5,BOWL,Trent Boult,MI,277912
149,5.0,BOWL,Vignesh Puthur,MI,1460388
150,7.5,ALL,Will Jacks,MI,897549
151,6.0,ALL,Aaron Hardie,PBKS,1124283
152,9.0,BOWL,Arshdeep Singh,PBKS,1125976
153,6.5,ALL,Azmatullah Omarzai,PBKS,819429
154,8.5,ALL,Glenn Maxwell,PBKS,325026
155,5.0,BAT,Harnoor Singh Pannu,PBKS,1292496
156,6.0,BOWL,Harpreet Brar,PBKS,1168641
157,7.0,WK,Josh Inglis,PBKS,662235
158,5.5,BOWL,Kuldeep Sen,PBKS,1163695
159,7.0,BOWL,Kyle Jamieson,PBKS,625960
160,7.5,BOWL,Lockie Ferguson,PBKS,493773
161,8.0,ALL,Marco Jansen,PBKS,696401
162,7.0,ALL,Marcus Stoinis,PBKS,325012
163,6.0,ALL,Mitchell Owen,PBKS,1213979
164,5.5,ALL,Musheer Khan,PBKS,1316430
165,7.5,BAT,Nehal Wadhera,PBKS,1151273
166,8.5,WK,Prabhsimran Singh,PBKS,1161024
167,5.5,BOWL,Pravin Dubey,PBKS,777515
168,8.5,BAT,Priyansh Arya,PBKS,1175456
169,5.0,BAT,Pyla Avinash,PBKS,1324449
170,7.0,BAT,Shashank Singh,PBKS,377534
171,9.0,BAT,Shreyas Iyer,PBKS,642519
172,5.5,ALL,Suryansh Shedge,PBKS,1339698
173,6.0,WK,Vishnu Vinod,PBKS,732293
174,6.5,BOWL,Vyshak Vijaykumar,PBKS,777815
175,6.5,BOWL,Xavier Bartlett,PBKS,1050545
176,6.0,BOWL,Yash Thakur,PBKS,1070196
177,8.5,BOWL,Yuzvendra Chahal,PBKS,430246
178,5.0,BOWL,Abhinandan Singh,RCB,1449085
179,8.0,BOWL,Bhuvneshwar Kumar,RCB,326016
180,7.0,BAT,Devdutt Padikkal,RCB,1119026
181,6.5,BAT,Jacob Bethell,RCB,1194959
182,7.5,WK,Jitesh Sharma,RCB,721867
183,8.5,BOWL,Josh Hazlewood,RCB,288284
184,8.0,ALL,Krunal Pandya,RCB,471342
185,6.5,ALL,Liam Livingstone,RCB,403902
186,6.5,BOWL,Lungi Ngidi,RCB,542023
187,6.0,ALL,Manoj Bhandage,RCB,1057399
188,6.5,BAT,Mayank Agarwal,RCB,398438
189,5.5,ALL,Mohit Rathee,RCB,1349361
190,6.5,BOWL,Nuwan Thushara,RCB,955235
191,8.5,WK,Philip Salt,RCB,669365
192,8.0,BAT,Rajat Patidar,RCB,823703
193,6.0,BOWL,Rasikh Salam,RCB,1161489
194,7.0,ALL,Romario Shepherd,RCB,677077
195,6.5,BOWL,Suyash Sharma,RCB,1350792
196,6.0,ALL,Swapnil Singh,RCB,232292
197,5.5,BAT,Swastik Chikara,RCB,1403198
198,7.5,BAT,Tim David,RCB,892749
199,9.0,BAT,Virat Kohli,RCB,253802
200,7.5,BOWL,Yash Dayal,RCB,1159720
201,6.0,BOWL,Akash Madhwal,RR,1206039
202,5.0,BOWL,Ashok Sharma,RR,1299879
203,8.0,WK,Dhruv Jurel,RR,1175488
204,6.5,BOWL,FazalHaq Farooqi,RR,974175
205,8.5,BOWL,Jofra Archer,RR,669855
206,6.5,BOWL,Kumar Kartikeya,RR,1159843
207,5.0,WK,Kunal Singh Rathore,RR,1339031
208,5.5,BOWL,Kwena Maphaka,RR,1294342
209,6.0,WK,Lhuan-dre Pretorius,RR,1385640
210,7.0,BOWL,Maheesh Theekshana,RR,1138316
211,7.0,BOWL,Nandre Burger,RR,971349
212,7.5,ALL,Nitish Rana,RR,604527
213,8.0,ALL,Riyan Parag,RR,1079434
214,7.5,BOWL,Sandeep Sharma,RR,438362
215,8.5,WK,Sanju Samson,RR,425943
216,7.5,BAT,Shimron Hetmyer,RR,670025
217,6.0,BAT,Shubham Dubey,RR,1252585
218,7.0,BOWL,Tushar Deshpande,RR,822553
219,7.0,BAT,Vaibhav Suryavanshi,RR,1408688
220,7.5,ALL,Wanindu Hasaranga,RR,784379
221,9.0,BAT,Yashasvi Jaiswal,RR,1151278
222,6.0,ALL,Yudhvir Singh Charak,RR,1206052
223,6.0,BAT,Abhinav Manohar,SRH,778963
224,9.0,ALL,Abhishek Sharma,SRH,1070183
225,7.5,BOWL,Adam Zampa,SRH,379504
226,7.0,BAT,Aniket Verma,SRH,1409976
227,5.5,BAT,Atharva Taide,SRH,1125958
228,7.0,BOWL,Eshan Malinga,SRH,1306214
229,5.0,ALL,Harsh Dubey,SRH,1216159
230,8.5,BOWL,Harshal Patel,SRH,390481
231,9.0,WK,Heinrich Klaasen,SRH,436757
232,7.5,WK,Ishan Kishan,SRH,720471
233,6.5,BOWL,Jaydev Unadkat,SRH,390484
234,7.0,ALL,K Nitish Reddy,SRH,1175496
235,7.0,ALL,Kamindu Mendis,SRH,784373
236,7.5,BOWL,Mohammed Shami,SRH,481896
237,8.5,BOWL,Pat Cummins,SRH,489889
238,6.0,BOWL,Rahul Chahar,SRH,1064812
239,5.0,BAT,Sachin Baby,SRH,432783
240,6.0,BOWL,Simarjeet- Singh,SRH,1159722
241,5.0,BAT,Smaran-R,SRH,1327722
242,8.5,BAT,Travis Head,SRH,530011
243,6.5,ALL,Wiaan Mulder,SRH,698189
244,6.5,BOWL,Zeeshan Ansari,SRH,942371
245,6.5,WK,Tim Seifert,RCB,625964
246,6.0,BOWL,Blessing Muzarabani,RCB,827051
