Match Title,Venue,Result,Date (UTC),Raw Time (GMT/Local),Match Number,Date
"Kolkata Knight Riders vs Royal Challengers Bengaluru, 1st Match","Eden Gardens, Kolkata",Royal Challengers Bengaluru won by 7 wkts,2025-03-22 Saturday 02:00 PM,02:00 PM GMT	/ 07:30 PM LOCAL,1,22-03-2025
"Sunrisers Hyderabad vs Rajasthan Royals, 2nd Match","Rajiv Gandhi International Stadium, Hyderabad",Sunrisers Hyderabad won by 44 runs,2025-03-23 Sunday 10:00 AM,10:00 AM GMT	/ 03:30 PM LOCAL,2,23-03-2025
"Mumbai Indians vs Chennai Super Kings, 3rd Match","MA Chidambaram Stadium, Chennai",Chennai Super Kings won by 4 wkts,2025-03-23 Sunday 02:00 PM,02:00 PM GMT	/ 07:30 PM LOCAL,3,23-03-2025
"Lucknow Super Giants vs Delhi Capitals, 4th Match","Dr. Y.S. Rajasekhara Reddy ACA-VDCA Cricket Stadium, Visakhapatnam",Delhi Capitals won by 1 wkt,2025-03-24 Monday 02:00 PM,02:00 PM GMT	/ 07:30 PM LOCAL,4,24-03-2025
"Punjab Kings vs Gujarat Titans, 5th Match","Narendra Modi Stadium, Ahmedabad",Punjab Kings won by 11 runs,2025-03-25 Tuesday 02:00 PM,02:00 PM GMT	/ 07:30 PM LOCAL,5,25-03-2025
"Rajasthan Royals vs Kolkata Knight Riders, 6th Match","Barsapara Cricket Stadium, Guwahati",Kolkata Knight Riders won by 8 wkts,2025-03-26 Wednesday 02:00 PM,02:00 PM GMT	/ 07:30 PM LOCAL,6,26-03-2025
"Sunrisers Hyderabad vs Lucknow Super Giants, 7th Match","Rajiv Gandhi International Stadium, Hyderabad",Lucknow Super Giants won by 5 wkts,2025-03-27 Thursday 02:00 PM,02:00 PM GMT	/ 07:30 PM LOCAL,7,27-03-2025
"Royal Challengers Bengaluru vs Chennai Super Kings, 8th Match","MA Chidambaram Stadium, Chennai",Royal Challengers Bengaluru won by 50 runs,2025-03-28 Friday 02:00 PM,02:00 PM GMT	/ 07:30 PM LOCAL,8,28-03-2025
"Gujarat Titans vs Mumbai Indians, 9th Match","Narendra Modi Stadium, Ahmedabad",Gujarat Titans won by 36 runs,2025-03-29 Saturday 02:00 PM,02:00 PM GMT	/ 07:30 PM LOCAL,9,29-03-2025
"Sunrisers Hyderabad vs Delhi Capitals, 10th Match","Dr. Y.S. Rajasekhara Reddy ACA-VDCA Cricket Stadium, Visakhapatnam",Delhi Capitals won by 7 wkts,2025-03-30 Sunday 10:00 AM,10:00 AM GMT	/ 03:30 PM LOCAL,10,30-03-2025
"Rajasthan Royals vs Chennai Super Kings, 11th Match","Barsapara Cricket Stadium, Guwahati",Rajasthan Royals won by 6 runs,2025-03-30 Sunday 02:00 PM,02:00 PM GMT	/ 07:30 PM LOCAL,11,30-03-2025
"Kolkata Knight Riders vs Mumbai Indians, 12th Match","Wankhede Stadium, Mumbai",Mumbai Indians won by 8 wkts,2025-03-31 Monday 02:00 PM,02:00 PM GMT	/ 07:30 PM LOCAL,12,31-03-2025
"Lucknow Super Giants vs Punjab Kings, 13th Match","Bharat Ratna Shri Atal Bihari Vajpayee Ekana Cricket Stadium, Lucknow",Punjab Kings won by 8 wkts,2025-04-01 Tuesday 02:00 PM,02:00 PM GMT	/ 07:30 PM LOCAL,13,01-04-2025
"Royal Challengers Bengaluru vs Gujarat Titans, 14th Match","M.Chinnaswamy Stadium, Bengaluru",Gujarat Titans won by 8 wkts,2025-04-02 Wednesday 02:00 PM,02:00 PM GMT	/ 07:30 PM LOCAL,14,02-04-2025
"Kolkata Knight Riders vs Sunrisers Hyderabad, 15th Match","Eden Gardens, Kolkata",Kolkata Knight Riders won by 80 runs,2025-04-03 Thursday 02:00 PM,02:00 PM GMT	/ 07:30 PM LOCAL,15,03-04-2025
"Lucknow Super Giants vs Mumbai Indians, 16th Match","Bharat Ratna Shri Atal Bihari Vajpayee Ekana Cricket Stadium, Lucknow",Lucknow Super Giants won by 12 runs,2025-04-04 Friday 02:00 PM,02:00 PM GMT	/ 07:30 PM LOCAL,16,04-04-2025
"Delhi Capitals vs Chennai Super Kings, 17th Match","MA Chidambaram Stadium, Chennai",Delhi Capitals won by 25 runs,2025-04-05 Saturday 10:00 AM,10:00 AM GMT	/ 03:30 PM LOCAL,17,05-04-2025
"Rajasthan Royals vs Punjab Kings, 18th Match","Maharaja Yadavindra Singh International Cricket Stadium, Mullanpur, Chandigarh",Rajasthan Royals won by 50 runs,2025-04-05 Saturday 02:00 PM,02:00 PM GMT	/ 07:30 PM LOCAL,18,05-04-2025
"Sunrisers Hyderabad vs Gujarat Titans, 19th Match","Rajiv Gandhi International Stadium, Hyderabad",Gujarat Titans won by 7 wkts,2025-04-06 Sunday 02:00 PM,02:00 PM GMT	/ 07:30 PM LOCAL,19,06-04-2025
"Royal Challengers Bengaluru vs Mumbai Indians, 20th Match","Wankhede Stadium, Mumbai",Royal Challengers Bengaluru won by 12 runs,2025-04-07 Monday 02:00 PM,02:00 PM GMT	/ 07:30 PM LOCAL,20,07-04-2025
"Lucknow Super Giants vs Kolkata Knight Riders, 21st Match","Eden Gardens, Kolkata",Lucknow Super Giants won by 4 runs,2025-04-08 Tuesday 10:00 AM,10:00 AM GMT	/ 03:30 PM LOCAL,21,08-04-2025
"Punjab Kings vs Chennai Super Kings, 22nd Match","Maharaja Yadavindra Singh International Cricket Stadium, Mullanpur, Chandigarh",Punjab Kings won by 18 runs,2025-04-08 Tuesday 02:00 PM,02:00 PM GMT	/ 07:30 PM LOCAL,22,08-04-2025
"Gujarat Titans vs Rajasthan Royals, 23rd Match","Narendra Modi Stadium, Ahmedabad",Gujarat Titans won by 58 runs,2025-04-09 Wednesday 02:00 PM,02:00 PM GMT	/ 07:30 PM LOCAL,23,09-04-2025
"Royal Challengers Bengaluru vs Delhi Capitals, 24th Match","M.Chinnaswamy Stadium, Bengaluru",Delhi Capitals won by 6 wkts,2025-04-10 Thursday 02:00 PM,02:00 PM GMT	/ 07:30 PM LOCAL,24,10-04-2025
"Chennai Super Kings vs Kolkata Knight Riders, 25th Match","MA Chidambaram Stadium, Chennai",Kolkata Knight Riders won by 8 wkts,2025-04-11 Friday 02:00 PM,02:00 PM GMT	/ 07:30 PM LOCAL,25,11-04-2025
"Gujarat Titans vs Lucknow Super Giants, 26th Match","Bharat Ratna Shri Atal Bihari Vajpayee Ekana Cricket Stadium, Lucknow",Lucknow Super Giants won by 6 wkts,2025-04-12 Saturday 10:00 AM,10:00 AM GMT	/ 03:30 PM LOCAL,26,12-04-2025
"Punjab Kings vs Sunrisers Hyderabad, 27th Match","Rajiv Gandhi International Stadium, Hyderabad",Sunrisers Hyderabad won by 8 wkts,2025-04-12 Saturday 02:00 PM,02:00 PM GMT	/ 07:30 PM LOCAL,27,12-04-2025
"Rajasthan Royals vs Royal Challengers Bengaluru, 28th Match","Sawai Mansingh Stadium, Jaipur",Royal Challengers Bengaluru won by 9 wkts,2025-04-13 Sunday 10:00 AM,10:00 AM GMT	/ 03:30 PM LOCAL,28,13-04-2025
"Mumbai Indians vs Delhi Capitals, 29th Match","Arun Jaitley Stadium, Delhi",Mumbai Indians won by 12 runs,2025-04-13 Sunday 02:00 PM,02:00 PM GMT	/ 07:30 PM LOCAL,29,13-04-2025
"Lucknow Super Giants vs Chennai Super Kings, 30th Match","Bharat Ratna Shri Atal Bihari Vajpayee Ekana Cricket Stadium, Lucknow",Chennai Super Kings won by 5 wkts,2025-04-14 Monday 02:00 PM,02:00 PM GMT	/ 07:30 PM LOCAL,30,14-04-2025
"Punjab Kings vs Kolkata Knight Riders, 31st Match","Maharaja Yadavindra Singh International Cricket Stadium, Mullanpur, Chandigarh",Punjab Kings won by 16 runs,2025-04-15 Tuesday 02:00 PM,02:00 PM GMT	/ 07:30 PM LOCAL,31,15-04-2025
"Delhi Capitals vs Rajasthan Royals, 32nd Match","Arun Jaitley Stadium, Delhi",Match tied (Delhi Capitals won the Super Over),2025-04-16 Wednesday 02:00 PM,02:00 PM GMT	/ 07:30 PM LOCAL,32,16-04-2025
"Sunrisers Hyderabad vs Mumbai Indians, 33rd Match","Wankhede Stadium, Mumbai",Mumbai Indians won by 4 wkts,2025-04-17 Thursday 02:00 PM,02:00 PM GMT	/ 07:30 PM LOCAL,33,17-04-2025
"Royal Challengers Bengaluru vs Punjab Kings, 34th Match","M.Chinnaswamy Stadium, Bengaluru",Punjab Kings won by 5 wkts - 14 overs game - due to rain,2025-04-18 Friday 02:00 PM,02:00 PM GMT	/ 07:30 PM LOCAL,34,18-04-2025
"Delhi Capitals vs Gujarat Titans, 35th Match","Narendra Modi Stadium, Ahmedabad",Gujarat Titans won by 7 wkts,2025-04-19 Saturday 10:00 AM,10:00 AM GMT	/ 03:30 PM LOCAL,35,19-04-2025
"Lucknow Super Giants vs Rajasthan Royals, 36th Match","Sawai Mansingh Stadium, Jaipur",Lucknow Super Giants won by 2 runs,2025-04-19 Saturday 02:00 PM,02:00 PM GMT	/ 07:30 PM LOCAL,36,19-04-2025
"Punjab Kings vs Royal Challengers Bengaluru, 37th Match","Maharaja Yadavindra Singh International Cricket Stadium, Mullanpur, Chandigarh",Royal Challengers Bengaluru won by 7 wkts,2025-04-20 Sunday 10:00 AM,10:00 AM GMT	/ 03:30 PM LOCAL,37,20-04-2025
"Chennai Super Kings vs Mumbai Indians, 38th Match","Wankhede Stadium, Mumbai",Mumbai Indians won by 9 wkts,2025-04-20 Sunday 02:00 PM,02:00 PM GMT	/ 07:30 PM LOCAL,38,20-04-2025
"Gujarat Titans vs Kolkata Knight Riders, 39th Match","Eden Gardens, Kolkata",Gujarat Titans won by 39 runs,2025-04-21 Monday 02:00 PM,02:00 PM GMT	/ 07:30 PM LOCAL,39,21-04-2025
"Lucknow Super Giants vs Delhi Capitals, 40th Match","Bharat Ratna Shri Atal Bihari Vajpayee Ekana Cricket Stadium, Lucknow",Delhi Capitals won by 8 wkts,2025-04-22 Tuesday 02:00 PM,02:00 PM GMT	/ 07:30 PM LOCAL,40,22-04-2025
"Sunrisers Hyderabad vs Mumbai Indians, 41st Match","Rajiv Gandhi International Stadium, Hyderabad",Mumbai Indians won by 7 wkts,2025-04-23 Wednesday 02:00 PM,02:00 PM GMT	/ 07:30 PM LOCAL,41,23-04-2025
"Royal Challengers Bengaluru vs Rajasthan Royals, 42nd Match","M.Chinnaswamy Stadium, Bengaluru",Royal Challengers Bengaluru won by 11 runs,2025-04-24 Thursday 02:00 PM,02:00 PM GMT	/ 07:30 PM LOCAL,42,24-04-2025
"Chennai Super Kings vs Sunrisers Hyderabad, 43rd Match","MA Chidambaram Stadium, Chennai",Sunrisers Hyderabad won by 5 wkts,2025-04-25 Friday 02:00 PM,02:00 PM GMT	/ 07:30 PM LOCAL,43,25-04-2025
"Punjab Kings vs Kolkata Knight Riders, 44th Match","Eden Gardens, Kolkata",No result due to rain,2025-04-26 Saturday 02:00 PM,02:00 PM GMT	/ 07:30 PM LOCAL,44,26-04-2025
"Mumbai Indians vs Lucknow Super Giants, 45th Match","Wankhede Stadium, Mumbai",Mumbai Indians won by 54 runs,2025-04-27 Sunday 10:00 AM,10:00 AM GMT	/ 03:30 PM LOCAL,45,27-04-2025
"Delhi Capitals vs Royal Challengers Bengaluru, 46th Match","Arun Jaitley Stadium, Delhi",Royal Challengers Bengaluru won by 6 wkts,2025-04-27 Sunday 02:00 PM,02:00 PM GMT	/ 07:30 PM LOCAL,46,27-04-2025
"Gujarat Titans vs Rajasthan Royals, 47th Match","Sawai Mansingh Stadium, Jaipur",Rajasthan Royals won by 8 wkts,2025-04-28 Monday 02:00 PM,02:00 PM GMT	/ 07:30 PM LOCAL,47,28-04-2025
"Kolkata Knight Riders vs Delhi Capitals, 48th Match","Arun Jaitley Stadium, Delhi",Kolkata Knight Riders won by 14 runs,2025-04-29 Tuesday 02:00 PM,02:00 PM GMT	/ 07:30 PM LOCAL,48,29-04-2025
"Chennai Super Kings vs Punjab Kings, 49th Match","MA Chidambaram Stadium, Chennai",Punjab Kings won by 4 wkts,2025-04-30 Wednesday 02:00 PM,02:00 PM GMT	/ 07:30 PM LOCAL,49,30-04-2025
"Mumbai Indians vs Rajasthan Royals, 50th Match","Sawai Mansingh Stadium, Jaipur",Mumbai Indians won by 100 runs,2025-05-01 Thursday 02:00 PM,02:00 PM GMT	/ 07:30 PM LOCAL,50,01-05-2025
"Gujarat Titans vs Sunrisers Hyderabad, 51st Match","Narendra Modi Stadium, Ahmedabad",Gujarat Titans won by 38 runs,2025-05-02 Friday 02:00 PM,02:00 PM GMT	/ 07:30 PM LOCAL,51,02-05-2025
"Royal Challengers Bengaluru vs Chennai Super Kings, 52nd Match","M.Chinnaswamy Stadium, Bengaluru",Royal Challengers Bengaluru won by 2 runs,2025-05-03 Saturday 02:00 PM,02:00 PM GMT	/ 07:30 PM LOCAL,52,03-05-2025
"Kolkata Knight Riders vs Rajasthan Royals, 53rd Match","Eden Gardens, Kolkata",Kolkata Knight Riders won by 1 run,2025-05-04 Sunday 10:00 AM,10:00 AM GMT	/ 03:30 PM LOCAL,53,04-05-2025
"Punjab Kings vs Lucknow Super Giants, 54th Match","Himachal Pradesh Cricket Association Stadium, Dharamsala",Punjab Kings won by 37 runs,2025-05-04 Sunday 02:00 PM,02:00 PM GMT	/ 07:30 PM LOCAL,54,04-05-2025
"Delhi Capitals vs Sunrisers Hyderabad, 55th Match","Rajiv Gandhi International Stadium, Hyderabad",No Result - due to rain,2025-05-05 Monday 02:00 PM,02:00 PM GMT	/ 07:30 PM LOCAL,55,05-05-2025
"Mumbai Indians vs Gujarat Titans, 56th Match","Wankhede Stadium, Mumbai",Gujarat Titans won by 3 wkts by DLS Method (Target 147),2025-05-06 Tuesday 02:00 PM,02:00 PM GMT	/ 07:30 PM LOCAL,56,06-05-2025
"Kolkata Knight Riders vs Chennai Super Kings, 57th Match","Eden Gardens, Kolkata",Chennai Super Kings won by 2 wkts,2025-05-07 Wednesday 02:00 PM,02:00 PM GMT	/ 07:30 PM LOCAL,57,07-05-2025
"Royal Challengers Bengaluru vs Kolkata Knight Riders, 58th Match","M.Chinnaswamy Stadium, Bengaluru",,2025-05-17 Saturday 02:00 PM,02:00 PM GMT	/ 07:30 PM LOCAL,58,17-05-2025
"Punjab Kings vs Rajasthan Royals, 59th Match","Sawai Mansingh Stadium, Jaipur",Punjab Kings won by 10 runs,2025-05-18 Sunday 10:00 AM,10:00 AM GMT	/ 03:30 PM LOCAL,59,18-05-2025
"Delhi Capitals vs Gujarat Titans, 60th Match","Arun Jaitley Stadium, Delhi",Gujarat Titans won by 10 wkts,2025-05-18 Sunday 02:00 PM,02:00 PM GMT	/ 07:30 PM LOCAL,60,18-05-2025
"Lucknow Super Giants vs Sunrisers Hyderabad, 61st Match","Bharat Ratna Shri Atal Bihari Vajpayee Ekana Cricket Stadium, Lucknow",Sunrisers Hyderabad won by 6 wkts,2025-05-19 Monday 02:00 PM,02:00 PM GMT	/ 07:30 PM LOCAL,61,19-05-2025
"Chennai Super Kings vs Rajasthan Royals, 62nd Match","Arun Jaitley Stadium, Delhi",Rajasthan Royals won by 6 wkts,2025-05-20 Tuesday 02:00 PM,02:00 PM GMT	/ 07:30 PM LOCAL,62,20-05-2025
"Mumbai Indians vs Delhi Capitals, 63rd Match","Wankhede Stadium, Mumbai",Mumbai Indians won by 59 runs,2025-05-21 Wednesday 02:00 PM,02:00 PM GMT	/ 07:30 PM LOCAL,63,21-05-2025
"Lucknow Super Giants vs Gujarat Titans, 64th Match","Narendra Modi Stadium, Ahmedabad",Lucknow Super Giants won by 33 runs,2025-05-22 Thursday 02:00 PM,02:00 PM GMT	/ 07:30 PM LOCAL,64,22-05-2025
"Sunrisers Hyderabad vs Royal Challengers Bengaluru, 65th Match","Bharat Ratna Shri Atal Bihari Vajpayee Ekana Cricket Stadium, Lucknow",Sunrisers Hyderabad won by 42 runs,2025-05-23 Friday 02:00 PM,02:00 PM GMT	/ 07:30 PM LOCAL,65,23-05-2025
"Punjab Kings vs Delhi Capitals, 66th Match","Sawai Mansingh Stadium, Jaipur",Delhi Capitals won by 6 wkts,2025-05-24 Saturday 02:00 PM,02:00 PM GMT	/ 07:30 PM LOCAL,66,24-05-2025
"Chennai Super Kings vs Gujarat Titans, 67th Match","Narendra Modi Stadium, Ahmedabad",Chennai Super Kings won by 83 runs,2025-05-25 Sunday 10:00 AM,10:00 AM GMT	/ 03:30 PM LOCAL,67,25-05-2025
"Sunrisers Hyderabad vs Kolkata Knight Riders, 68th Match","Arun Jaitley Stadium, Delhi",Sunrisers Hyderabad won by 110 runs,2025-05-25 Sunday 02:00 PM,02:00 PM GMT	/ 07:30 PM LOCAL,68,25-05-2025
"Mumbai Indians vs Punjab Kings, 69th Match","Sawai Mansingh Stadium, Jaipur",Punjab Kings won by 7 wkts,2025-05-26 Monday 02:00 PM,02:00 PM GMT	/ 07:30 PM LOCAL,69,26-05-2025
"Lucknow Super Giants vs Royal Challengers Bengaluru, 70th Match","Bharat Ratna Shri Atal Bihari Vajpayee Ekana Cricket Stadium, Lucknow",Royal Challengers Bengaluru won by 6 wkts,2025-05-27 Tuesday 02:00 PM,02:00 PM GMT	/ 07:30 PM LOCAL,70,27-05-2025
"Punjab Kings vs Royal Challengers Bengaluru, Qualifier 1","Maharaja Yadavindra Singh International Cricket Stadium, Mullanpur, Chandigarh",,2025-05-29 Thursday 02:00 PM,02:00 PM GMT	/ 07:30 PM LOCAL,71,29-05-2025
"Gujarat Titans vs Mumbai Indians, Eliminator","Maharaja Yadavindra Singh International Cricket Stadium, Mullanpur, Chandigarh",,2025-05-30 Friday 02:00 PM,02:00 PM GMT	/ 07:30 PM LOCAL,72,30-05-2025
"TBC vs TBC, Qualifier 2","Narendra Modi Stadium, Ahmedabad",,2025-06-01 Sunday 02:00 PM,02:00 PM GMT	/ 07:30 PM LOCAL,73,01-06-2025
"TBC vs TBC, Final","Narendra Modi Stadium, Ahmedabad",,2025-06-03 Tuesday 02:00 PM,02:00 PM GMT	/ 07:30 PM LOCAL,74,03-06-2025
