Match Number,Date
1,22-03-2025
2,23-03-2025
3,23-03-2025
4,24-03-2025
5,25-03-2025
6,26-03-2025
7,27-03-2025
8,28-03-2025
9,29-03-2025
10,30-03-2025
11,30-03-2025
12,31-03-2025
13,01-04-2025
14,02-04-2025
15,03-04-2025
16,04-04-2025
17,05-04-2025
18,05-04-2025
19,06-04-2025
20,07-04-2025
21,08-04-2025
22,08-04-2025
23,09-04-2025
24,10-04-2025
25,11-04-2025
26,12-04-2025
27,12-04-2025
28,13-04-2025
29,13-04-2025
30,14-04-2025
31,15-04-2025
32,16-04-2025
33,17-04-2025
34,18-04-2025
35,19-04-2025
36,19-04-2025
37,20-04-2025
38,20-04-2025
39,21-04-2025
40,22-04-2025
41,23-04-2025
42,24-04-2025
43,25-04-2025
44,26-04-2025
45,27-04-2025
46,27-04-2025
47,28-04-2025
48,29-04-2025
49,30-04-2025
50,01-05-2025
51,02-05-2025
52,03-05-2025
53,04-05-2025
54,04-05-2025
55,05-05-2025
56,06-05-2025
57,07-05-2025
58,17-05-2025
59,18-05-2025
60,18-05-2025
61,19-05-2025
62,20-05-2025
63,21-05-2025
64,22-05-2025
65,23-05-2025
66,24-05-2025
67,25-05-2025
68,25-05-2025
69,26-05-2025
70,27-05-2025
71,29-05-2025
72,30-05-2025
73,01-06-2025
74,03-06-2025
